{
	"id": "cec0def8-fca6-4544-8b66-96f8baf95ab4",
	"name": "Beta-Server-MMP",
	"values": [
		{
			"key": "MMSURL",
			"value": "https://webapigateway.micron.com/t/app.mfg/mmsil/v1/{{ENV}}/{{SITE}}/",
			"enabled": true
		},
		{
			"key": "ENV",
			"value": "BETA",
			"enabled": true
		},
		{
			"key": "SITE",
			"value": "PENANG",
			"enabled": true
		},
		{
			"key": "GatewayURL",
			"value": "https://webapigateway.micron.com/",
			"enabled": true
		},
		{
			"key": "DatURL",
			"value": "t/app.infra/mtsecurity/Credential",
			"enabled": true
		},
		{
			"key": "MatReqURL",
			"value": "t/app.ebs/MM/Matreq/",
			"enabled": true
		},
		{
			"key": "StockRoomURL",
			"value": "t/app.ebs/MM/Stock/",
			"enabled": true
		},
		{
			"key": "MTGroupURL",
			"value": "t/app.infra/mtgroups/1.4.1/Members/Eventual/Valid",
			"enabled": true
		},
		{
			"key": "SAPToken",
			"value": "d64801f3-cf69-3a1d-b75a-8a7c6b55c14b",
			"enabled": true
		},
		{
			"key": "DATToken",
			"value": "14829c66-b722-3b70-828c-306fa16b866a",
			"enabled": true
		},
		{
			"key": "MTGroupToken",
			"value": "14829c66-b722-3b70-828c-306fa16b866a",
			"enabled": true
		},
		{
			"key": "MMSToken",
			"value": "1dc0c0e0-7eb8-319a-bf7b-b2dff4de797e",
			"enabled": true
		}
	],
	"_postman_variable_scope": "environment",
	"_postman_exported_at": "2022-01-25T09:35:50.961Z",
	"_postman_exported_using": "Postman/9.10.0"
}