{
	"id": "39c25d07-b590-4852-bb2d-28f762cc705e",
	"name": "Prod-Server-MSB",
	"values": [
		{
			"key": "MMSURL",
			"value": "https://webapigateway.micron.com/t/app.mfg/mmsil/v1/{{ENV}}/{{SITE}}/",
			"enabled": true
		},
		{
			"key": "ENV",
			"value": "PROD",
			"enabled": true
		},
		{
			"key": "SITE",
			"value": "SINGAPORE",
			"enabled": true
		},
		{
			"key": "GatewayURL",
			"value": "https://webapigateway.micron.com/",
			"enabled": true
		},
		{
			"key": "DatURL",
			"value": "t/app.infra/mtsecurity/Credential",
			"enabled": true
		},
		{
			"key": "MatReqURL",
			"value": "t/app.ebs/MM/Matreq/",
			"enabled": true
		},
		{
			"key": "StockRoomURL",
			"value": "t/app.ebs/MM/Stock/",
			"enabled": true
		},
		{
			"key": "MTGroupURL",
			"value": "t/app.infra/mtgroups/1.4.1/Members/Eventual/Valid",
			"enabled": true
		},
		{
			"key": "SAPToken",
			"value": "aff672a2-4733-3200-bdbc-13125b2a4464",
			"enabled": true
		},
		{
			"key": "DATToken",
			"value": "1dc0c0e0-7eb8-319a-bf7b-b2dff4de797e",
			"enabled": true
		},
		{
			"key": "MTGroupToken",
			"value": "ad5fe4f9-273b-3e77-a8c5-70daa12d68e5",
			"enabled": true
		},
		{
			"key": "MMSToken",
			"value": "1dc0c0e0-7eb8-319a-bf7b-b2dff4de797e",
			"enabled": true
		}
	],
	"_postman_variable_scope": "environment",
	"_postman_exported_at": "2022-01-25T09:33:32.764Z",
	"_postman_exported_using": "Postman/9.10.0"
}